Name,Sex,Count,Year
Michael,M,67828,1973
Jennifer,F,62446,1973
Christopher,M,48316,1973
Jason,M,46682,1973
James,M,42854,1973
David,M,41095,1973
John,M,39178,1973
Robert,M,38693,1973
William,M,28019,1973
Amy,F,26964,1973
Michelle,F,26934,1973
Matthew,M,24535,1973
Daniel,M,23682,1973
Kimberly,F,23532,1973
Melissa,F,22480,1973
Joseph,M,21334,1973
Heather,F,19346,1973
Stephanie,F,17263,1973
Anthony,M,16420,1973
Nicole,F,13924,1973
Elizabeth,F,12358,1973
Andrew,M,10729,1973
Ryan,M,10511,1973
Jonathan,M,10274,1973
Joshua,M,8062,1973
Jessica,F,7226,1973
Sarah,F,7215,1973
Rachel,F,6105,1973
Justin,M,6078,1973
Amanda,F,5626,1973
Brandon,M,5069,1973
Nicholas,M,3153,1973
Emily,F,3028,1973
Jacob,M,2125,1973
Samantha,F,2118,1973
Ashley,F,1250,1973
Lauren,F,1097,1973
Emma,F,419,1973
Olivia,F,362,1973
Hannah,F,300,1973
Michael,M,67550,1974
Jennifer,F,63110,1974
Jason,M,54762,1974
Christopher,M,48593,1974
David,M,41804,1974
James,M,41345,1974
John,M,37628,1974
Robert,M,37017,1974
Amy,F,29564,1974
Matthew,M,27207,1974
William,M,26984,1974
Michelle,F,25830,1974
Daniel,M,23838,1974
Heather,F,23181,1974
Kimberly,F,22424,1974
Melissa,F,22165,1974
Joseph,M,21835,1974
Stephanie,F,16981,1974
Anthony,M,16392,1974
Ryan,M,13186,1974
Nicole,F,13116,1974
Elizabeth,F,12264,1974
Andrew,M,11781,1974
Joshua,M,11600,1974
Jessica,F,10653,1974
Jonathan,M,10234,1974
Sarah,F,9791,1974
Amanda,F,7474,1974
Justin,M,7429,1974
Rachel,F,7399,1974
Brandon,M,5859,1974
Emily,F,4330,1974
Nicholas,M,3218,1974
Jacob,M,2959,1974
Samantha,F,2253,1974
Ashley,F,1624,1974
Lauren,F,1394,1974
Olivia,F,507,1974
Emma,F,492,1974
Hannah,F,326,1974
Michael,M,68432,1975
Jennifer,F,58188,1975
Jason,M,52173,1975
Christopher,M,46581,1975
James,M,39576,1975
David,M,39173,1975
Robert,M,35316,1975
John,M,35077,1975
Amy,F,32254,1975
Matthew,M,28547,1975
William,M,25567,1975
Heather,F,24302,1975
Melissa,F,24169,1975
Daniel,M,23823,1975
Michelle,F,22664,1975
Joseph,M,22131,1975
Kimberly,F,20260,1975
Anthony,M,16491,1975
Stephanie,F,15774,1975
Ryan,M,15301,1975
Joshua,M,14565,1975
Nicole,F,14276,1975
Jessica,F,12930,1975
Andrew,M,12765,1975
Amanda,F,12657,1975
Elizabeth,F,12472,1975
Sarah,F,11172,1975
Jonathan,M,10904,1975
Justin,M,8896,1975
Rachel,F,8228,1975
Brandon,M,7089,1975
Emily,F,5483,1975
Jacob,M,3621,1975
Nicholas,M,3318,1975
Samantha,F,2835,1975
Ashley,F,1989,1975
Lauren,F,1845,1975
Olivia,F,1049,1975
Emma,F,477,1975
Hannah,F,445,1975
Michael,M,66928,1976
Jennifer,F,59474,1976
Jason,M,52661,1976
Christopher,M,45203,1976
David,M,39281,1976
James,M,38304,1976
John,M,33991,1976
Robert,M,33793,1976
Amy,F,31338,1976
Matthew,M,29955,1976
Melissa,F,25095,1976
Daniel,M,24713,1976
William,M,24439,1976
Heather,F,24191,1976
Joseph,M,24063,1976
Michelle,F,19553,1976
Kimberly,F,18964,1976
Jessica,F,18369,1976
Ryan,M,17495,1976
Joshua,M,16857,1976
Anthony,M,16604,1976
Amanda,F,15590,1976
Stephanie,F,15181,1976
Nicole,F,14450,1976
Sarah,F,13995,1976
Elizabeth,F,13547,1976
Andrew,M,13305,1976
Jonathan,M,11314,1976
Justin,M,10148,1976
Rachel,F,8453,1976
Brandon,M,7792,1976
Emily,F,5548,1976
Jacob,M,4512,1976
Nicholas,M,3468,1976
Samantha,F,3350,1976
Ashley,F,2288,1976
Lauren,F,2219,1976
Olivia,F,1233,1976
Hannah,F,536,1976
Emma,F,414,1976
Michael,M,67600,1977
Jennifer,F,58964,1977
Jason,M,55638,1977
Christopher,M,46736,1977
David,M,40522,1977
James,M,40043,1977
Robert,M,34217,1977
John,M,34209,1977
Matthew,M,31970,1977
Melissa,F,26880,1977
Amy,F,26731,1977
Joseph,M,26490,1977
Daniel,M,26075,1977
Jessica,F,24845,1977
William,M,24762,1977
Heather,F,23775,1977
Joshua,M,22073,1977
Ryan,M,21250,1977
Michelle,F,19539,1977
Kimberly,F,18287,1977
Amanda,F,18280,1977
Sarah,F,18096,1977
Anthony,M,16804,1977
Elizabeth,F,16429,1977
Andrew,M,16019,1977
Stephanie,F,15417,1977
Nicole,F,15248,1977
Jonathan,M,12324,1977
Justin,M,12016,1977
Rachel,F,8975,1977
Brandon,M,8274,1977
Emily,F,6880,1977
Nicholas,M,6076,1977
Jacob,M,5792,1977
Samantha,F,3286,1977
Ashley,F,2707,1977
Lauren,F,2551,1977
Olivia,F,1105,1977
Hannah,F,633,1977
Emma,F,478,1977
Michael,M,67142,1978
Jennifer,F,56323,1978
Jason,M,51617,1978
Christopher,M,47243,1978
David,M,40699,1978
James,M,39903,1978
Matthew,M,34298,1978
John,M,34025,1978
Robert,M,33384,1978
Melissa,F,28328,1978
Joseph,M,26669,1978
Daniel,M,26443,1978
Jessica,F,26103,1978
Joshua,M,25213,1978
William,M,24180,1978
Amy,F,23212,1978
Heather,F,22270,1978
Ryan,M,21326,1978
Amanda,F,20518,1978
Sarah,F,19976,1978
Michelle,F,18857,1978
Nicole,F,17277,1978
Kimberly,F,16878,1978
Anthony,M,16810,1978
Elizabeth,F,16809,1978
Andrew,M,16728,1978
Nicholas,M,16347,1978
Stephanie,F,16230,1978
Justin,M,14190,1978
Jonathan,M,12516,1978
Rachel,F,9804,1978
Brandon,M,9241,1978
Emily,F,7478,1978
Jacob,M,6166,1978
Samantha,F,3887,1978
Lauren,F,3671,1978
Ashley,F,3483,1978
Olivia,F,1312,1978
Hannah,F,736,1978
Emma,F,445,1978
Michael,M,67724,1979
Jennifer,F,56718,1979
Christopher,M,50678,1979
Jason,M,50388,1979
David,M,42066,1979
James,M,39363,1979
Matthew,M,35638,1979
John,M,35416,1979
Melissa,F,34051,1979
Robert,M,34023,1979
Amanda,F,31927,1979
Joshua,M,31128,1979
Joseph,M,28655,1979
Daniel,M,28528,1979
Jessica,F,27782,1979
William,M,24682,1979
Ryan,M,23214,1979
Amy,F,21612,1979
Nicholas,M,21348,1979
Sarah,F,21018,1979
Heather,F,20837,1979
Nicole,F,19509,1979
Michelle,F,19268,1979
Andrew,M,18625,1979
Elizabeth,F,18075,1979
Kimberly,F,17639,1979
Anthony,M,17521,1979
Justin,M,17397,1979
Stephanie,F,16204,1979
Jonathan,M,14327,1979
Brandon,M,11307,1979
Rachel,F,10230,1979
Emily,F,7971,1979
Jacob,M,7547,1979
Lauren,F,5626,1979
Samantha,F,4463,1979
Ashley,F,4449,1979
Olivia,F,1255,1979
Hannah,F,970,1979
Emma,F,488,1979
Michael,M,68690,1980
Jennifer,F,58381,1980
Christopher,M,49089,1980
Jason,M,48170,1980
David,M,41900,1980
James,M,39323,1980
Matthew,M,37843,1980
Joshua,M,36060,1980
Amanda,F,35813,1980
John,M,35280,1980
Robert,M,34273,1980
Jessica,F,33925,1980
Melissa,F,31637,1980
Joseph,M,30189,1980
Daniel,M,29893,1980
Justin,M,26763,1980
Sarah,F,25757,1980
William,M,25648,1980
Ryan,M,24804,1980
Nicholas,M,21026,1980
Heather,F,19973,1980
Nicole,F,19921,1980
Amy,F,19834,1980
Andrew,M,19730,1980
Elizabeth,F,19530,1980
Michelle,F,19122,1980
Jonathan,M,18993,1980
Kimberly,F,18499,1980
Stephanie,F,17842,1980
Anthony,M,17610,1980
Brandon,M,14172,1980
Rachel,F,11622,1980
Emily,F,9003,1980
Jacob,M,8521,1980
Lauren,F,7476,1980
Ashley,F,7297,1980
Samantha,F,4920,1980
Hannah,F,1221,1980
Olivia,F,1118,1980
Emma,F,531,1980
Michael,M,68774,1981
Jennifer,F,57048,1981
Christopher,M,50224,1981
Matthew,M,43334,1981
Jessica,F,42537,1981
Jason,M,41927,1981
David,M,40658,1981
Joshua,M,39041,1981
James,M,38301,1981
John,M,34880,1981
Robert,M,34397,1981
Amanda,F,34375,1981
Daniel,M,30995,1981
Joseph,M,30766,1981
Sarah,F,28172,1981
Melissa,F,28005,1981
Justin,M,27311,1981
Ryan,M,26820,1981
William,M,24806,1981
Jonathan,M,22598,1981
Amy,F,20346,1981
Nicole,F,20313,1981
Andrew,M,20238,1981
Brandon,M,20212,1981
Stephanie,F,20210,1981
Elizabeth,F,20170,1981
Nicholas,M,19778,1981
Anthony,M,18576,1981
Heather,F,17946,1981
Michelle,F,17778,1981
Kimberly,F,16689,1981
Rachel,F,12590,1981
Emily,F,10800,1981
Jacob,M,9351,1981
Ashley,F,8876,1981
Lauren,F,8813,1981
Samantha,F,5519,1981
Hannah,F,1414,1981
Olivia,F,1027,1981
Emma,F,534,1981
Michael,M,68240,1982
Christopher,M,59235,1982
Jennifer,F,57119,1982
Matthew,M,46063,1982
Jessica,F,45453,1982
Jason,M,40639,1982
David,M,40458,1982
James,M,38878,1982
Joshua,M,38012,1982
John,M,34706,1982
Robert,M,34423,1982
Amanda,F,34213,1982
Daniel,M,32660,1982
Joseph,M,31051,1982
Justin,M,29111,1982
Sarah,F,28488,1982
Ryan,M,26690,1982
Melissa,F,25867,1982
William,M,25603,1982
Jonathan,M,23122,1982
Andrew,M,22839,1982
Nicole,F,21707,1982
Stephanie,F,20861,1982
Elizabeth,F,20508,1982
Brandon,M,20220,1982
Anthony,M,19650,1982
Nicholas,M,19646,1982
Amy,F,18800,1982
Michelle,F,17767,1982
Heather,F,17495,1982
Kimberly,F,16101,1982
Ashley,F,14856,1982
Rachel,F,13871,1982
Emily,F,12519,1982
Lauren,F,11591,1982
Jacob,M,10061,1982
Samantha,F,6769,1982
Hannah,F,1580,1982
Olivia,F,1126,1982
Emma,F,561,1982
Michael,M,68000,1983
Christopher,M,59340,1983
Jennifer,F,54350,1983
Matthew,M,50215,1983
Jessica,F,45281,1983
David,M,39205,1983
Joshua,M,36696,1983
James,M,36342,1983
Jason,M,35118,1983
Daniel,M,34753,1983
Amanda,F,33754,1983
Ashley,F,33293,1983
John,M,33159,1983
Robert,M,32750,1983
Joseph,M,30455,1983
Justin,M,28304,1983
Ryan,M,27856,1983
Sarah,F,27231,1983
Andrew,M,25575,1983
William,M,25398,1983
Brandon,M,23517,1983
Melissa,F,23474,1983
Jonathan,M,22753,1983
Nicole,F,22399,1983
Stephanie,F,22331,1983
Heather,F,20745,1983
Nicholas,M,19891,1983
Elizabeth,F,19841,1983
Anthony,M,19834,1983
Amy,F,17096,1983
Michelle,F,16837,1983
Kimberly,F,15370,1983
Rachel,F,14592,1983
Lauren,F,12944,1983
Emily,F,12376,1983
Jacob,M,10999,1983
Samantha,F,7705,1983
Hannah,F,2399,1983
Olivia,F,1090,1983
Emma,F,553,1983
Michael,M,67749,1984
Christopher,M,60024,1984
Jennifer,F,50561,1984
Matthew,M,49782,1984
Jessica,F,45857,1984
Joshua,M,40270,1984
Ashley,F,38776,1984
David,M,38490,1984
Daniel,M,36537,1984
James,M,35867,1984
Amanda,F,33915,1984
John,M,32613,1984
Robert,M,31771,1984
Joseph,M,30513,1984
Jason,M,29953,1984
Ryan,M,28740,1984
Justin,M,26773,1984
Andrew,M,25921,1984
Sarah,F,25888,1984
Brandon,M,25679,1984
William,M,24905,1984
Jonathan,M,23342,1984
Stephanie,F,23025,1984
Nicole,F,22271,1984
Melissa,F,21895,1984
Heather,F,21491,1984
Nicholas,M,21017,1984
Anthony,M,20961,1984
Elizabeth,F,20360,1984
Amy,F,15991,1984
Rachel,F,15842,1984
Michelle,F,15498,1984
Lauren,F,14474,1984
Kimberly,F,14445,1984
Emily,F,12786,1984
Jacob,M,11356,1984
Samantha,F,8040,1984
Hannah,F,2266,1984
Olivia,F,1166,1984
Emma,F,678,1984
Michael,M,64924,1985
Christopher,M,59610,1985
Jessica,F,48346,1985
Matthew,M,47088,1985
Ashley,F,47008,1985
Jennifer,F,42657,1985
Joshua,M,42206,1985
Amanda,F,39056,1985
Daniel,M,38563,1985
David,M,38529,1985
James,M,35865,1985
Robert,M,32096,1985
John,M,31501,1985
Joseph,M,30221,1985
Andrew,M,30173,1985
Ryan,M,29913,1985
Brandon,M,29309,1985
Jason,M,26041,1985
Justin,M,25536,1985
Sarah,F,24880,1985
William,M,24613,1985
Jonathan,M,24116,1985
Stephanie,F,23244,1985
Nicole,F,22967,1985
Nicholas,M,22391,1985
Anthony,M,22091,1985
Heather,F,21151,1985
Elizabeth,F,20546,1985
Melissa,F,19964,1985
Rachel,F,16362,1985
Lauren,F,15768,1985
Kimberly,F,14913,1985
Amy,F,14428,1985
Michelle,F,13975,1985
Emily,F,13137,1985
Jacob,M,12282,1985
Samantha,F,10658,1985
Hannah,F,2449,1985
Olivia,F,1025,1985
Emma,F,946,1985
Michael,M,64228,1986
Christopher,M,56698,1986
Jessica,F,52682,1986
Ashley,F,49672,1986
Matthew,M,46927,1986
Amanda,F,40532,1986
Joshua,M,37544,1986
David,M,37154,1986
Daniel,M,36577,1986
Jennifer,F,36185,1986
James,M,34047,1986
Andrew,M,33859,1986
Robert,M,31355,1986
John,M,30217,1986
Ryan,M,29523,1986
Joseph,M,28835,1986
Sarah,F,28161,1986
Brandon,M,27255,1986
Justin,M,26635,1986
William,M,24331,1986
Jonathan,M,23973,1986
Nicholas,M,22800,1986
Stephanie,F,22647,1986
Jason,M,22407,1986
Anthony,M,21956,1986
Nicole,F,21291,1986
Heather,F,19789,1986
Elizabeth,F,19076,1986
Melissa,F,17668,1986
Lauren,F,16681,1986
Rachel,F,15455,1986
Kimberly,F,14416,1986
Samantha,F,14092,1986
Jacob,M,13653,1986
Amy,F,13455,1986
Michelle,F,13302,1986
Emily,F,13236,1986
Hannah,F,3388,1986
Emma,F,1258,1986
Olivia,F,1233,1986
Michael,M,63653,1987
Jessica,F,55996,1987
Ashley,F,54853,1987
Christopher,M,54493,1987
Matthew,M,46507,1987
Amanda,F,41788,1987
Joshua,M,40004,1987
David,M,36798,1987
Andrew,M,36206,1987
Daniel,M,35870,1987
Jennifer,F,32705,1987
James,M,32662,1987
Justin,M,31494,1987
Robert,M,30235,1987
John,M,29552,1987
Joseph,M,28526,1987
Ryan,M,28489,1987
Sarah,F,27894,1987
Brandon,M,24822,1987
William,M,24201,1987
Nicholas,M,23252,1987
Anthony,M,23125,1987
Jonathan,M,23117,1987
Stephanie,F,22405,1987
Nicole,F,20284,1987
Jason,M,19348,1987
Heather,F,18982,1987
Elizabeth,F,18609,1987
Samantha,F,17944,1987
Melissa,F,17674,1987
Lauren,F,16708,1987
Rachel,F,15644,1987
Emily,F,14710,1987
Jacob,M,14323,1987
Michelle,F,13034,1987
Kimberly,F,13030,1987
Amy,F,11786,1987
Hannah,F,4594,1987
Olivia,F,1699,1987
Emma,F,1587,1987
Michael,M,64161,1988
Christopher,M,53010,1988
Jessica,F,51552,1988
Ashley,F,49972,1988
Matthew,M,45881,1988
Joshua,M,42651,1988
Amanda,F,39458,1988
Andrew,M,35747,1988
David,M,35324,1988
Justin,M,35056,1988
Daniel,M,34715,1988
James,M,32521,1988
Robert,M,30317,1988
John,M,29423,1988
Joseph,M,29015,1988
Sarah,F,28372,1988
Jennifer,F,27891,1988
Ryan,M,27748,1988
Nicholas,M,25299,1988
Jonathan,M,24350,1988
William,M,24127,1988
Brandon,M,23735,1988
Anthony,M,23641,1988
Stephanie,F,22840,1988
Samantha,F,20702,1988
Nicole,F,20316,1988
Elizabeth,F,20040,1988
Lauren,F,19635,1988
Heather,F,18036,1988
Melissa,F,16543,1988
Jason,M,15914,1988
Jacob,M,15881,1988
Emily,F,15869,1988
Rachel,F,15345,1988
Michelle,F,13340,1988
Kimberly,F,11948,1988
Amy,F,10035,1988
Hannah,F,5561,1988
Olivia,F,2141,1988
Emma,F,1793,1988
Michael,M,65408,1989
Christopher,M,53186,1989
Jessica,F,47889,1989
Ashley,F,47586,1989
Matthew,M,45379,1989
Joshua,M,44097,1989
Amanda,F,36834,1989
David,M,35223,1989
Daniel,M,35011,1989
Andrew,M,34814,1989
Justin,M,32849,1989
James,M,32712,1989
Robert,M,30069,1989
Joseph,M,29880,1989
John,M,29854,1989
Ryan,M,28413,1989
Nicholas,M,28227,1989
Sarah,F,27792,1989
Samantha,F,24792,1989
William,M,24673,1989
Anthony,M,24424,1989
Jennifer,F,23999,1989
Jonathan,M,23605,1989
Brandon,M,23310,1989
Stephanie,F,22766,1989
Lauren,F,21066,1989
Elizabeth,F,20296,1989
Nicole,F,19032,1989
Jacob,M,17833,1989
Emily,F,17323,1989
Heather,F,16246,1989
Rachel,F,15357,1989
Melissa,F,15205,1989
Michelle,F,13375,1989
Jason,M,12612,1989
Kimberly,F,11034,1989
Amy,F,8898,1989
Hannah,F,7831,1989
Olivia,F,2439,1989
Emma,F,1938,1989
Michael,M,65306,1990
Christopher,M,52353,1990
Jessica,F,46478,1990
Ashley,F,45561,1990
Matthew,M,44817,1990
Joshua,M,43226,1990
Amanda,F,34413,1990
Daniel,M,33827,1990
David,M,33743,1990
Andrew,M,33670,1990
James,M,32359,1990
Justin,M,30647,1990
Joseph,M,30127,1990
Ryan,M,29254,1990
John,M,29087,1990
Robert,M,28881,1990
Nicholas,M,27911,1990
Samantha,F,25868,1990
Sarah,F,25822,1990
Anthony,M,25084,1990
William,M,24905,1990
Stephanie,F,24864,1990
Jonathan,M,24079,1990
Jennifer,F,22234,1990
Brandon,M,22162,1990
Jacob,M,22019,1990
Elizabeth,F,20749,1990
Lauren,F,20507,1990
Emily,F,19366,1990
Nicole,F,17957,1990
Rachel,F,15709,1990
Heather,F,14219,1990
Melissa,F,13997,1990
Michelle,F,13423,1990
Jason,M,10695,1990
Hannah,F,10279,1990
Kimberly,F,10191,1990
Amy,F,8463,1990
Olivia,F,4627,1990
Emma,F,2420,1990
Michael,M,60799,1991
Christopher,M,47108,1991
Ashley,F,43480,1991
Jessica,F,43397,1991
Matthew,M,41644,1991
Joshua,M,41225,1991
Andrew,M,31542,1991
Daniel,M,30927,1991
James,M,30514,1991
David,M,30417,1991
Joseph,M,29835,1991
Amanda,F,28895,1991
John,M,27802,1991
Ryan,M,27534,1991
Nicholas,M,27358,1991
Robert,M,26834,1991
Justin,M,26793,1991
Brandon,M,26019,1991
Samantha,F,25647,1991
Sarah,F,25228,1991
Jacob,M,25197,1991
Anthony,M,24443,1991
William,M,23861,1991
Jonathan,M,22974,1991
Stephanie,F,22775,1991
Jennifer,F,20673,1991
Elizabeth,F,20395,1991
Emily,F,20310,1991
Lauren,F,18410,1991
Rachel,F,16342,1991
Nicole,F,16049,1991
Melissa,F,13347,1991
Michelle,F,12212,1991
Heather,F,11703,1991
Hannah,F,10771,1991
Kimberly,F,9799,1991
Jason,M,9386,1991
Amy,F,7275,1991
Olivia,F,5601,1991
Emma,F,2595,1991
Michael,M,54399,1992
Christopher,M,42465,1992
Ashley,F,38458,1992
Jessica,F,38360,1992
Matthew,M,37734,1992
Joshua,M,36217,1992
Andrew,M,30538,1992
Brandon,M,29623,1992
Daniel,M,29156,1992
James,M,28508,1992
David,M,28419,1992
Joseph,M,27903,1992
Nicholas,M,27761,1992
Ryan,M,27015,1992
John,M,26249,1992
Jacob,M,25669,1992
Amanda,F,25037,1992
Sarah,F,24636,1992
Samantha,F,24409,1992
Robert,M,24092,1992
Justin,M,23619,1992
Anthony,M,23171,1992
William,M,23068,1992
Emily,F,21834,1992
Jonathan,M,21410,1992
Stephanie,F,19676,1992
Elizabeth,F,19034,1992
Jennifer,F,17820,1992
Lauren,F,17216,1992
Nicole,F,16325,1992
Rachel,F,15838,1992
Melissa,F,11710,1992
Michelle,F,11511,1992
Hannah,F,11495,1992
Heather,F,9724,1992
Jason,M,9245,1992
Kimberly,F,8894,1992
Amy,F,6341,1992
Olivia,F,5810,1992
Emma,F,3212,1992
Michael,M,49564,1993
Christopher,M,38236,1993
Matthew,M,35773,1993
Jessica,F,34990,1993
Ashley,F,34850,1993
Joshua,M,33586,1993
Brandon,M,28737,1993
Daniel,M,28688,1993
Nicholas,M,28108,1993
Jacob,M,27485,1993
Andrew,M,27320,1993
David,M,27037,1993
Joseph,M,27011,1993
Ryan,M,26727,1993
James,M,26253,1993
John,M,24995,1993
Sarah,F,24254,1993
Samantha,F,23668,1993
Emily,F,23592,1993
Robert,M,22447,1993
William,M,22216,1993
Anthony,M,21787,1993
Justin,M,21541,1993
Amanda,F,20811,1993
Jonathan,M,19950,1993
Elizabeth,F,17557,1993
Stephanie,F,17186,1993
Lauren,F,16191,1993
Nicole,F,16182,1993
Rachel,F,15973,1993
Jennifer,F,15750,1993
Hannah,F,12506,1993
Melissa,F,10224,1993
Michelle,F,10192,1993
Jason,M,8638,1993
Heather,F,8102,1993
Kimberly,F,7966,1993
Olivia,F,6342,1993
Amy,F,5420,1993
Emma,F,4108,1993
Michael,M,44470,1994
Christopher,M,34804,1994
Matthew,M,33653,1994
Jessica,F,32122,1994
Joshua,M,31372,1994
Ashley,F,30282,1994
Brandon,M,29488,1994
Jacob,M,29419,1994
Daniel,M,28060,1994
Nicholas,M,27766,1994
Andrew,M,26013,1994
Joseph,M,25731,1994
David,M,24869,1994
James,M,24774,1994
John,M,24181,1994
Emily,F,24151,1994
Ryan,M,24057,1994
Samantha,F,22822,1994
Sarah,F,22295,1994
Anthony,M,21600,1994
William,M,21490,1994
Justin,M,20940,1994
Robert,M,20557,1994
Jonathan,M,19066,1994
Amanda,F,18719,1994
Elizabeth,F,16786,1994
Nicole,F,16012,1994
Rachel,F,15490,1994
Lauren,F,15157,1994
Stephanie,F,14749,1994
Hannah,F,14495,1994
Jennifer,F,14000,1994
Melissa,F,8796,1994
Kimberly,F,8746,1994
Michelle,F,8638,1994
Jason,M,8549,1994
Heather,F,7034,1994
Olivia,F,6434,1994
Emma,F,4765,1994
Amy,F,4691,1994
Michael,M,41406,1995
Matthew,M,32877,1995
Christopher,M,32673,1995
Jacob,M,31132,1995
Joshua,M,30719,1995
Nicholas,M,29156,1995
Jessica,F,27939,1995
Brandon,M,26905,1995
Daniel,M,26726,1995
Ashley,F,26601,1995
Andrew,M,25854,1995
Joseph,M,25344,1995
Emily,F,24381,1995
John,M,23239,1995
Ryan,M,23088,1995
David,M,23041,1995
James,M,22730,1995
Samantha,F,21644,1995
Justin,M,21580,1995
Sarah,F,21393,1995
Anthony,M,20481,1995
William,M,20159,1995
Robert,M,18585,1995
Jonathan,M,18153,1995
Hannah,F,17018,1995
Amanda,F,16354,1995
Elizabeth,F,16190,1995
Rachel,F,16047,1995
Lauren,F,13445,1995
Stephanie,F,12978,1995
Jennifer,F,12682,1995
Nicole,F,12276,1995
Jason,M,9002,1995
Melissa,F,7878,1995
Kimberly,F,7745,1995
Olivia,F,7625,1995
Michelle,F,7392,1995
Heather,F,6032,1995
Emma,F,5050,1995
Amy,F,4529,1995
Michael,M,38366,1996
Matthew,M,32074,1996
Jacob,M,31926,1996
Christopher,M,30903,1996
Joshua,M,29174,1996
Nicholas,M,27720,1996
Brandon,M,25846,1996
Andrew,M,25240,1996
Emily,F,25151,1996
Daniel,M,25120,1996
Joseph,M,24757,1996
Jessica,F,24201,1996
Ashley,F,23679,1996
David,M,23020,1996
John,M,22183,1996
Ryan,M,21809,1996
James,M,21163,1996
Sarah,F,21041,1996
Samantha,F,20552,1996
William,M,20543,1996
Anthony,M,20504,1996
Justin,M,20007,1996
Jonathan,M,18597,1996
Hannah,F,18596,1996
Robert,M,17673,1996
Rachel,F,16118,1996
Elizabeth,F,16003,1996
Amanda,F,13979,1996
Lauren,F,12593,1996
Jennifer,F,11729,1996
Stephanie,F,11644,1996
Nicole,F,11133,1996
Jason,M,8697,1996
Olivia,F,8124,1996
Kimberly,F,7175,1996
Melissa,F,7170,1996
Michelle,F,6598,1996
Emma,F,6146,1996
Heather,F,4758,1996
Amy,F,4067,1996
Michael,M,37551,1997
Jacob,M,34158,1997
Matthew,M,31516,1997
Christopher,M,29105,1997
Joshua,M,28286,1997
Nicholas,M,27257,1997
Emily,F,25735,1997
Andrew,M,25207,1997
Brandon,M,25195,1997
Daniel,M,23948,1997
Joseph,M,23600,1997
David,M,21894,1997
John,M,21386,1997
Jessica,F,21045,1997
Ashley,F,20895,1997
Sarah,F,20714,1997
Hannah,F,20594,1997
Ryan,M,20527,1997
James,M,20405,1997
Samantha,F,20170,1997
Anthony,M,20031,1997
William,M,20019,1997
Justin,M,18744,1997
Jonathan,M,18540,1997
Robert,M,16303,1997
Elizabeth,F,15428,1997
Rachel,F,13798,1997
Lauren,F,13247,1997
Amanda,F,12242,1997
Jennifer,F,11839,1997
Nicole,F,10743,1997
Stephanie,F,9778,1997
Olivia,F,9477,1997
Jason,M,8745,1997
Emma,F,7749,1997
Melissa,F,6679,1997
Kimberly,F,6182,1997
Michelle,F,5694,1997
Heather,F,3768,1997
Amy,F,3690,1997
Michael,M,36617,1998
Jacob,M,36026,1998
Matthew,M,31144,1998
Joshua,M,28092,1998
Christopher,M,27004,1998
Nicholas,M,26633,1998
Emily,F,26185,1998
Brandon,M,23830,1998
Andrew,M,23662,1998
Joseph,M,23185,1998
Daniel,M,23161,1998
Hannah,F,21375,1998
David,M,20889,1998
William,M,20833,1998
John,M,20631,1998
Ryan,M,20198,1998
Samantha,F,20194,1998
Sarah,F,19894,1998
Ashley,F,19873,1998
James,M,19687,1998
Anthony,M,19634,1998
Jessica,F,18237,1998
Justin,M,17971,1998
Jonathan,M,17648,1998
Robert,M,15525,1998
Elizabeth,F,15193,1998
Lauren,F,12907,1998
Rachel,F,12210,1998
Amanda,F,10923,1998
Jennifer,F,10691,1998
Olivia,F,10610,1998
Emma,F,10448,1998
Nicole,F,9911,1998
Jason,M,9396,1998
Stephanie,F,8491,1998
Kimberly,F,5721,1998
Michelle,F,5561,1998
Melissa,F,5354,1998
Amy,F,3485,1998
Heather,F,3397,1998
Jacob,M,35369,1999
Michael,M,33912,1999
Matthew,M,30417,1999
Joshua,M,27260,1999
Emily,F,26539,1999
Nicholas,M,25639,1999
Christopher,M,25604,1999
Andrew,M,23863,1999
Joseph,M,23216,1999
Daniel,M,22702,1999
Hannah,F,21678,1999
Brandon,M,21602,1999
Ryan,M,21013,1999
William,M,20716,1999
John,M,20365,1999
David,M,20349,1999
Anthony,M,19470,1999
Sarah,F,19115,1999
Samantha,F,19041,1999
James,M,18554,1999
Justin,M,18277,1999
Ashley,F,18136,1999
Jonathan,M,17066,1999
Jessica,F,16349,1999
Elizabeth,F,15348,1999
Robert,M,14539,1999
Lauren,F,13911,1999
Emma,F,11746,1999
Rachel,F,11631,1999
Olivia,F,11256,1999
Jennifer,F,10614,1999
Amanda,F,9748,1999
Nicole,F,9515,1999
Jason,M,9363,1999
Stephanie,F,7692,1999
Kimberly,F,5458,1999
Michelle,F,5303,1999
Melissa,F,4830,1999
Amy,F,3207,1999
Heather,F,2887,1999
Jacob,M,34490,2000
Michael,M,32042,2000
Matthew,M,28576,2000
Joshua,M,27538,2000
Emily,F,25957,2000
Christopher,M,24936,2000
Nicholas,M,24653,2000
Andrew,M,23654,2000
Hannah,F,23085,2000
Joseph,M,22842,2000
Daniel,M,22334,2000
William,M,20667,2000
Brandon,M,20336,2000
Ryan,M,20267,2000
John,M,20109,2000
David,M,19785,2000
Anthony,M,19654,2000
Ashley,F,17998,2000
James,M,17990,2000
Justin,M,17784,2000
Sarah,F,17712,2000
Samantha,F,17265,2000
Jonathan,M,16887,2000
Jessica,F,15711,2000
Elizabeth,F,15113,2000
Lauren,F,14175,2000
Robert,M,13739,2000
Olivia,F,12854,2000
Emma,F,12559,2000
Rachel,F,10685,2000
Jason,M,9777,2000
Jennifer,F,9389,2000
Nicole,F,8562,2000
Amanda,F,8557,2000
Stephanie,F,7028,2000
Michelle,F,5545,2000
Kimberly,F,5243,2000
Melissa,F,4531,2000
Amy,F,3173,2000
Heather,F,2684,2000
Jacob,M,32570,2001
Michael,M,29688,2001
Matthew,M,26813,2001
Joshua,M,26023,2001
Emily,F,25059,2001
Christopher,M,23131,2001
Nicholas,M,22847,2001
Andrew,M,22421,2001
Joseph,M,22025,2001
Daniel,M,21011,2001
Hannah,F,20720,2001
William,M,20109,2001
Anthony,M,19736,2001
David,M,19361,2001
John,M,18900,2001
Ryan,M,18289,2001
Brandon,M,17892,2001
James,M,17073,2001
Ashley,F,16531,2001
Justin,M,16231,2001
Jonathan,M,16144,2001
Sarah,F,15920,2001
Samantha,F,15866,2001
Elizabeth,F,14790,2001
Olivia,F,13977,2001
Jessica,F,13923,2001
Emma,F,13325,2001
Lauren,F,12782,2001
Robert,M,12666,2001
Jason,M,10164,2001
Rachel,F,9554,2001
Jennifer,F,8921,2001
Nicole,F,7820,2001
Amanda,F,6976,2001
Stephanie,F,6612,2001
Michelle,F,5032,2001
Kimberly,F,4880,2001
Melissa,F,4145,2001
Amy,F,2938,2001
Heather,F,2274,2001
Jacob,M,30583,2002
Michael,M,28256,2002
Joshua,M,25997,2002
Matthew,M,25154,2002
Emily,F,24468,2002
Andrew,M,22030,2002
Joseph,M,21913,2002
Christopher,M,21687,2002
Nicholas,M,21390,2002
Daniel,M,21337,2002
William,M,20133,2002
Anthony,M,19590,2002
Hannah,F,18827,2002
David,M,18697,2002
Ryan,M,17659,2002
John,M,17468,2002
James,M,16966,2002
Emma,F,16554,2002
Brandon,M,16281,2002
Jonathan,M,15513,2002
Ashley,F,15344,2002
Justin,M,14905,2002
Sarah,F,14771,2002
Samantha,F,14671,2002
Olivia,F,14630,2002
Elizabeth,F,14615,2002
Lauren,F,12325,2002
Robert,M,12030,2002
Jessica,F,11921,2002
Jason,M,9956,2002
Rachel,F,8942,2002
Jennifer,F,8539,2002
Nicole,F,6973,2002
Stephanie,F,6269,2002
Amanda,F,6143,2002
Michelle,F,4949,2002
Kimberly,F,4790,2002
Melissa,F,3769,2002
Amy,F,3095,2002
Heather,F,2068,2002
Jacob,M,29650,2003
Michael,M,27126,2003
Emily,F,25691,2003
Joshua,M,25103,2003
Matthew,M,24009,2003
Emma,F,22714,2003
Andrew,M,22160,2003
Joseph,M,21382,2003
Daniel,M,21063,2003
Christopher,M,20753,2003
Anthony,M,20149,2003
William,M,19996,2003
Nicholas,M,19696,2003
Ryan,M,19577,2003
David,M,18631,2003
Hannah,F,17638,2003
John,M,17243,2003
James,M,16895,2003
Olivia,F,16152,2003
Brandon,M,15244,2003
Jonathan,M,14992,2003
Ashley,F,14517,2003
Elizabeth,F,14116,2003
Samantha,F,13869,2003
Sarah,F,13779,2003
Justin,M,13653,2003
Robert,M,11397,2003
Lauren,F,11051,2003
Jessica,F,10452,2003
Jason,M,9822,2003
Rachel,F,7990,2003
Jennifer,F,7566,2003
Nicole,F,6235,2003
Stephanie,F,5602,2003
Amanda,F,5347,2003
Michelle,F,4872,2003
Kimberly,F,4825,2003
Melissa,F,3501,2003
Amy,F,2880,2003
Heather,F,1617,2003
Jacob,M,27895,2004
Michael,M,25465,2004
Emily,F,25040,2004
Joshua,M,24210,2004
Matthew,M,22881,2004
Andrew,M,21712,2004
Emma,F,21617,2004
Daniel,M,21000,2004
William,M,20233,2004
Joseph,M,20139,2004
Christopher,M,19637,2004
Anthony,M,19612,2004
Ryan,M,19495,2004
Nicholas,M,18519,2004
David,M,18400,2004
James,M,16468,2004
John,M,16457,2004
Olivia,F,16107,2004
Hannah,F,15610,2004
Ashley,F,14375,2004
Jonathan,M,14372,2004
Brandon,M,14133,2004
Samantha,F,13786,2004
Elizabeth,F,13568,2004
Sarah,F,12751,2004
Justin,M,11879,2004
Robert,M,10679,2004
Lauren,F,9983,2004
Jessica,F,9470,2004
Jason,M,9063,2004
Rachel,F,6918,2004
Jennifer,F,6545,2004
Nicole,F,5741,2004
Stephanie,F,5181,2004
Kimberly,F,4846,2004
Michelle,F,4720,2004
Amanda,F,4685,2004
Melissa,F,3338,2004
Amy,F,3115,2004
Heather,F,1304,2004
Jacob,M,25843,2005
Emily,F,23949,2005
Michael,M,23826,2005
Joshua,M,23259,2005
Matthew,M,21477,2005
Andrew,M,20738,2005
Emma,F,20353,2005
Daniel,M,20227,2005
Anthony,M,19383,2005
Joseph,M,19229,2005
Christopher,M,19173,2005
William,M,19056,2005
David,M,18133,2005
Ryan,M,17987,2005
Nicholas,M,17076,2005
James,M,16140,2005
John,M,15782,2005
Olivia,F,15699,2005
Hannah,F,14851,2005
Jonathan,M,14442,2005
Samantha,F,13640,2005
Ashley,F,13275,2005
Brandon,M,12946,2005
Elizabeth,F,12740,2005
Sarah,F,11547,2005
Justin,M,10516,2005
Robert,M,10166,2005
Lauren,F,9248,2005
Jason,M,8612,2005
Jessica,F,8115,2005
Rachel,F,6218,2005
Jennifer,F,5836,2005
Nicole,F,4990,2005
Kimberly,F,4751,2005
Stephanie,F,4700,2005
Michelle,F,4312,2005
Amanda,F,4096,2005
Melissa,F,3084,2005
Amy,F,2957,2005
Heather,F,1067,2005
Jacob,M,24855,2006
Michael,M,22647,2006
Joshua,M,22332,2006
Emily,F,21410,2006
Matthew,M,20335,2006
Daniel,M,20076,2006
Andrew,M,19730,2006
Christopher,M,19685,2006
Anthony,M,19411,2006
Emma,F,19126,2006
William,M,18961,2006
Joseph,M,18459,2006
David,M,17653,2006
Ryan,M,16431,2006
James,M,16252,2006
Nicholas,M,15674,2006
Olivia,F,15505,2006
John,M,15172,2006
Hannah,F,14550,2006
Jonathan,M,14384,2006
Brandon,M,12684,2006
Samantha,F,12465,2006
Elizabeth,F,12435,2006
Ashley,F,12351,2006
Sarah,F,11157,2006
Justin,M,9971,2006
Robert,M,9907,2006
Lauren,F,8498,2006
Jason,M,8452,2006
Jessica,F,6815,2006
Rachel,F,5538,2006
Jennifer,F,5267,2006
Kimberly,F,5007,2006
Stephanie,F,4508,2006
Nicole,F,4321,2006
Michelle,F,4089,2006
Amanda,F,3360,2006
Melissa,F,2893,2006
Amy,F,2745,2006
Heather,F,974,2006
Jacob,M,24299,2007
Michael,M,22014,2007
Joshua,M,20661,2007
Daniel,M,20258,2007
Christopher,M,20027,2007
Anthony,M,19633,2007
Emily,F,19359,2007
William,M,18890,2007
Matthew,M,18751,2007
Andrew,M,18456,2007
Emma,F,18381,2007
David,M,17556,2007
Joseph,M,17347,2007
Olivia,F,16587,2007
James,M,15968,2007
Ryan,M,15720,2007
John,M,14435,2007
Nicholas,M,14361,2007
Jonathan,M,13802,2007
Hannah,F,13318,2007
Elizabeth,F,13064,2007
Brandon,M,12142,2007
Samantha,F,11882,2007
Ashley,F,11427,2007
Justin,M,10045,2007
Sarah,F,10003,2007
Robert,M,9382,2007
Jason,M,8120,2007
Lauren,F,7435,2007
Jessica,F,5713,2007
Kimberly,F,5101,2007
Rachel,F,4836,2007
Jennifer,F,4652,2007
Nicole,F,3874,2007
Stephanie,F,3810,2007
Michelle,F,3593,2007
Amanda,F,3046,2007
Amy,F,2829,2007
Melissa,F,2504,2007
Heather,F,799,2007
Jacob,M,22611,2008
Michael,M,20642,2008
Joshua,M,19219,2008
Daniel,M,19018,2008
Emma,F,18823,2008
Anthony,M,18409,2008
William,M,18398,2008
Christopher,M,17960,2008
Matthew,M,17596,2008
Emily,F,17441,2008
Olivia,F,17086,2008
Andrew,M,16769,2008
Joseph,M,16590,2008
David,M,16338,2008
James,M,15186,2008
Ryan,M,14684,2008
John,M,13327,2008
Jonathan,M,12896,2008
Nicholas,M,12527,2008
Elizabeth,F,12017,2008
Brandon,M,11478,2008
Samantha,F,11186,2008
Hannah,F,9569,2008
Ashley,F,9405,2008
Justin,M,9363,2008
Sarah,F,9048,2008
Robert,M,8838,2008
Jason,M,7660,2008
Lauren,F,6454,2008
Kimberly,F,4812,2008
Jessica,F,4737,2008
Rachel,F,4083,2008
Jennifer,F,3795,2008
Michelle,F,3339,2008
Stephanie,F,3319,2008
Nicole,F,3289,2008
Amy,F,2541,2008
Melissa,F,2516,2008
Amanda,F,2444,2008
Heather,F,653,2008
Jacob,M,21196,2009
Michael,M,18956,2009
William,M,17925,2009
Emma,F,17908,2009
Joshua,M,17662,2009
Daniel,M,17557,2009
Olivia,F,17441,2009
Christopher,M,16362,2009
Anthony,M,16321,2009
Matthew,M,15999,2009
David,M,15450,2009
Emily,F,15360,2009
Joseph,M,14937,2009
Andrew,M,14871,2009
James,M,14217,2009
Ryan,M,13115,2009
John,M,12130,2009
Jonathan,M,11384,2009
Elizabeth,F,11046,2009
Nicholas,M,10855,2009
Brandon,M,9845,2009
Samantha,F,9664,2009
Justin,M,8628,2009
Robert,M,7839,2009
Ashley,F,7813,2009
Sarah,F,7786,2009
Hannah,F,7578,2009
Jason,M,6921,2009
Lauren,F,5203,2009
Kimberly,F,4227,2009
Jessica,F,3801,2009
Rachel,F,3586,2009
Michelle,F,3078,2009
Jennifer,F,2987,2009
Stephanie,F,2922,2009
Nicole,F,2770,2009
Amy,F,2484,2009
Melissa,F,2337,2009
Amanda,F,1959,2009
Heather,F,554,2009
Jacob,M,22144,2010
Michael,M,17374,2010
Emma,F,17357,2010
William,M,17064,2010
Olivia,F,17033,2010
Daniel,M,15856,2010
Anthony,M,15503,2010
Joshua,M,15458,2010
Christopher,M,14294,2010
Emily,F,14278,2010
Andrew,M,14263,2010
David,M,14215,2010
Matthew,M,14141,2010
James,M,13895,2010
Joseph,M,13848,2010
Ryan,M,11974,2010
John,M,11564,2010
Jonathan,M,11138,2010
Elizabeth,F,10276,2010
Nicholas,M,9650,2010
Brandon,M,8548,2010
Samantha,F,8409,2010
Justin,M,7851,2010
Robert,M,7562,2010
Hannah,F,6997,2010
Sarah,F,6338,2010
Ashley,F,6315,2010
Jason,M,6278,2010
Lauren,F,4466,2010
Kimberly,F,3871,2010
Jessica,F,3199,2010
Rachel,F,3020,2010
Jennifer,F,2621,2010
Nicole,F,2569,2010
Michelle,F,2510,2010
Stephanie,F,2491,2010
Amy,F,2283,2010
Melissa,F,1951,2010
Amanda,F,1661,2010
Heather,F,421,2010
Jacob,M,20389,2011
Emma,F,18814,2011
William,M,17354,2011
Olivia,F,17331,2011
Michael,M,16815,2011
Daniel,M,15296,2011
Anthony,M,14283,2011
Emily,F,14270,2011
Matthew,M,14174,2011
Joshua,M,13792,2011
Andrew,M,13291,2011
James,M,13267,2011
David,M,13244,2011
Christopher,M,13019,2011
Joseph,M,12987,2011
Ryan,M,11502,2011
John,M,11061,2011
Jonathan,M,10246,2011
Elizabeth,F,10101,2011
Nicholas,M,8598,2011
Brandon,M,7819,2011
Samantha,F,7397,2011
Justin,M,7120,2011
Robert,M,6982,2011
Hannah,F,6584,2011
Jason,M,5849,2011
Sarah,F,5565,2011
Ashley,F,5401,2011
Lauren,F,4099,2011
Kimberly,F,3811,2011
Rachel,F,2661,2011
Nicole,F,2655,2011
Jessica,F,2623,2011
Jennifer,F,2279,2011
Amy,F,2190,2011
Michelle,F,2178,2011
Stephanie,F,2151,2011
Melissa,F,1709,2011
Amanda,F,1411,2011
Heather,F,391,2011
Emma,F,20964,2012
Jacob,M,19094,2012
Olivia,F,17328,2012
William,M,16904,2012
Michael,M,16202,2012
Daniel,M,14298,2012
Matthew,M,13985,2012
Emily,F,13660,2012
James,M,13449,2012
Anthony,M,13215,2012
Joshua,M,12671,2012
Andrew,M,12632,2012
Joseph,M,12582,2012
David,M,12553,2012
Christopher,M,11915,2012
Ryan,M,10943,2012
John,M,10630,2012
Elizabeth,F,9722,2012
Jonathan,M,9364,2012
Nicholas,M,7739,2012
Hannah,F,7288,2012
Brandon,M,7036,2012
Robert,M,6961,2012
Samantha,F,6935,2012
Justin,M,5903,2012
Jason,M,5754,2012
Sarah,F,5201,2012
Ashley,F,4700,2012
Lauren,F,3660,2012
Kimberly,F,3315,2012
Nicole,F,2657,2012
Rachel,F,2417,2012
Jessica,F,2334,2012
Amy,F,2236,2012
Michelle,F,1934,2012
Jennifer,F,1925,2012
Stephanie,F,1887,2012
Melissa,F,1771,2012
Amanda,F,1234,2012
Heather,F,328,2012
Emma,F,20958,2013
Olivia,F,18446,2013
Jacob,M,18185,2013
William,M,16654,2013
Michael,M,15530,2013
Daniel,M,14311,2013
James,M,13586,2013
Matthew,M,13355,2013
Emily,F,13137,2013
David,M,12381,2013
Anthony,M,12287,2013
Joseph,M,12268,2013
Joshua,M,11851,2013
Andrew,M,11678,2013
Christopher,M,10872,2013
John,M,10724,2013
Ryan,M,9890,2013
Elizabeth,F,9465,2013
Jonathan,M,8570,2013
Hannah,F,7304,2013
Nicholas,M,7145,2013
Robert,M,6719,2013
Samantha,F,6514,2013
Brandon,M,6231,2013
Jason,M,5510,2013
Justin,M,4872,2013
Sarah,F,4710,2013
Ashley,F,3940,2013
Nicole,F,3350,2013
Lauren,F,3349,2013
Kimberly,F,3103,2013
Rachel,F,2321,2013
Amy,F,2239,2013
Jessica,F,1949,2013
Michelle,F,1892,2013
Jennifer,F,1691,2013
Stephanie,F,1676,2013
Melissa,F,1592,2013
Amanda,F,1073,2013
Heather,F,316,2013
Emma,F,20958,2014
Olivia,F,19829,2014
Jacob,M,16904,2014
William,M,16839,2014
Michael,M,15487,2014
James,M,14456,2014
Daniel,M,13949,2014
Matthew,M,12935,2014
Emily,F,12656,2014
David,M,12243,2014
Joseph,M,12137,2014
Anthony,M,11597,2014
Andrew,M,11180,2014
Joshua,M,10923,2014
John,M,10697,2014
Christopher,M,10375,2014
Elizabeth,F,9581,2014
Ryan,M,9094,2014
Jonathan,M,8116,2014
Nicholas,M,6776,2014
Robert,M,6655,2014
Hannah,F,6592,2014
Brandon,M,5850,2014
Samantha,F,5732,2014
Jason,M,5564,2014
Sarah,F,4710,2014
Justin,M,4029,2014
Ashley,F,3558,2014
Lauren,F,3096,2014
Kimberly,F,2901,2014
Nicole,F,2537,2014
Amy,F,2193,2014
Rachel,F,2088,2014
Jessica,F,1801,2014
Michelle,F,1751,2014
Stephanie,F,1643,2014
Jennifer,F,1521,2014
Melissa,F,1508,2014
Amanda,F,1057,2014
Heather,F,331,2014
Emma,F,20478,2015
Olivia,F,19717,2015
Jacob,M,15979,2015
William,M,15935,2015
James,M,14857,2015
Michael,M,14474,2015
Daniel,M,13532,2015
Matthew,M,12778,2015
David,M,11821,2015
Emily,F,11801,2015
Joseph,M,11521,2015
Anthony,M,10650,2015
John,M,10406,2015
Andrew,M,10135,2015
Christopher,M,9842,2015
Joshua,M,9836,2015
Elizabeth,F,9753,2015
Ryan,M,8540,2015
Jonathan,M,7649,2015
Hannah,F,6430,2015
Nicholas,M,6253,2015
Robert,M,6129,2015
Samantha,F,5347,2015
Brandon,M,5122,2015
Jason,M,5022,2015
Sarah,F,4529,2015
Justin,M,3720,2015
Ashley,F,3425,2015
Kimberly,F,2842,2015
Lauren,F,2695,2015
Nicole,F,2116,2015
Amy,F,2042,2015
Rachel,F,1936,2015
Michelle,F,1704,2015
Jessica,F,1590,2015
Stephanie,F,1558,2015
Jennifer,F,1286,2015
Melissa,F,1283,2015
Amanda,F,1030,2015
Heather,F,281,2015
Emma,F,19536,2016
Olivia,F,19397,2016
William,M,15798,2016
James,M,14905,2016
Jacob,M,14544,2016
Michael,M,14120,2016
Daniel,M,12983,2016
Matthew,M,12655,2016
David,M,11142,2016
Emily,F,10994,2016
Joseph,M,10955,2016
John,M,10045,2016
Anthony,M,9887,2016
Elizabeth,F,9592,2016
Andrew,M,9418,2016
Joshua,M,9241,2016
Christopher,M,9094,2016
Ryan,M,8251,2016
Jonathan,M,6973,2016
Hannah,F,6031,2016
Robert,M,6000,2016
Nicholas,M,5757,2016
Samantha,F,4954,2016
Jason,M,4880,2016
Sarah,F,4423,2016
Brandon,M,4099,2016
Justin,M,3564,2016
Ashley,F,3044,2016
Kimberly,F,2331,2016
Lauren,F,2325,2016
Nicole,F,1954,2016
Rachel,F,1879,2016
Amy,F,1845,2016
Michelle,F,1561,2016
Jessica,F,1391,2016
Stephanie,F,1370,2016
Melissa,F,1236,2016
Jennifer,F,1161,2016
Amanda,F,1005,2016
Heather,F,274,2016
Emma,F,19857,2017
Olivia,F,18763,2017
William,M,15023,2017
James,M,14346,2017
Jacob,M,13245,2017
Michael,M,12700,2017
Daniel,M,11738,2017
Matthew,M,11721,2017
Joseph,M,10467,2017
David,M,10222,2017
Emily,F,9806,2017
John,M,9517,2017
Elizabeth,F,8991,2017
Anthony,M,8861,2017
Joshua,M,8330,2017
Christopher,M,8307,2017
Andrew,M,8277,2017
Ryan,M,7698,2017
Jonathan,M,6520,2017
Hannah,F,5924,2017
Robert,M,5558,2017
Nicholas,M,5361,2017
Samantha,F,4327,2017
Jason,M,4251,2017
Sarah,F,4033,2017
Brandon,M,3493,2017
Justin,M,3149,2017
Ashley,F,2528,2017
Lauren,F,1991,2017
Kimberly,F,1837,2017
Amy,F,1738,2017
Nicole,F,1663,2017
Rachel,F,1619,2017
Michelle,F,1428,2017
Jessica,F,1288,2017
Melissa,F,1169,2017
Stephanie,F,1134,2017
Jennifer,F,1050,2017
Amanda,F,963,2017
Heather,F,223,2017
Emma,F,18801,2018
Olivia,F,18039,2018
William,M,14633,2018
James,M,13629,2018
Jacob,M,11871,2018
Michael,M,11729,2018
Daniel,M,11274,2018
Matthew,M,9995,2018
David,M,9795,2018
Joseph,M,9656,2018
John,M,9188,2018
Emily,F,8706,2018
Elizabeth,F,8588,2018
Anthony,M,8035,2018
Joshua,M,7429,2018
Christopher,M,7323,2018
Andrew,M,7301,2018
Ryan,M,6934,2018
Jonathan,M,5764,2018
Hannah,F,5667,2018
Robert,M,5182,2018
Nicholas,M,4837,2018
Samantha,F,3918,2018
Jason,M,3873,2018
Sarah,F,3774,2018
Brandon,M,3205,2018
Justin,M,2801,2018
Ashley,F,2278,2018
Kimberly,F,1705,2018
Lauren,F,1704,2018
Rachel,F,1557,2018
Amy,F,1510,2018
Nicole,F,1426,2018
Michelle,F,1246,2018
Melissa,F,1117,2018
Jessica,F,1067,2018
Stephanie,F,1029,2018
Jennifer,F,920,2018
Amanda,F,854,2018
Heather,F,210,2018
Olivia,F,18549,2019
Emma,F,17194,2019
William,M,13629,2019
James,M,13174,2019
Jacob,M,10759,2019
Michael,M,10589,2019
Daniel,M,10570,2019
Matthew,M,9254,2019
Joseph,M,9152,2019
David,M,8969,2019
John,M,8845,2019
Emily,F,8248,2019
Elizabeth,F,7912,2019
Anthony,M,7707,2019
Christopher,M,6999,2019
Andrew,M,6797,2019
Joshua,M,6613,2019
Ryan,M,6115,2019
Hannah,F,5633,2019
Jonathan,M,5457,2019
Robert,M,4846,2019
Nicholas,M,4632,2019
Jason,M,3569,2019
Samantha,F,3367,2019
Sarah,F,3316,2019
Brandon,M,2681,2019
Justin,M,2538,2019
Ashley,F,2024,2019
Rachel,F,1547,2019
Kimberly,F,1534,2019
Lauren,F,1512,2019
Amy,F,1479,2019
Nicole,F,1364,2019
Michelle,F,1141,2019
Jessica,F,967,2019
Melissa,F,933,2019
Stephanie,F,896,2019
Jennifer,F,787,2019
Amanda,F,768,2019
Heather,F,162,2019
Olivia,F,17664,2020
Emma,F,15680,2020
William,M,12643,2020
James,M,12368,2020
Michael,M,9805,2020
Daniel,M,9500,2020
Jacob,M,9275,2020
Joseph,M,8458,2020
John,M,8251,2020
David,M,8238,2020
Matthew,M,8120,2020
Elizabeth,F,7278,2020
Anthony,M,7014,2020
Emily,F,6908,2020
Christopher,M,6192,2020
Andrew,M,6049,2020
Joshua,M,5992,2020
Ryan,M,5329,2020
Hannah,F,4956,2020
Jonathan,M,4741,2020
Robert,M,4386,2020
Nicholas,M,4061,2020
Jason,M,3098,2020
Sarah,F,3060,2020
Samantha,F,2952,2020
Justin,M,2307,2020
Brandon,M,2304,2020
Ashley,F,1801,2020
Kimberly,F,1558,2020
Amy,F,1335,2020
Rachel,F,1303,2020
Lauren,F,1274,2020
Nicole,F,1161,2020
Michelle,F,923,2020
Melissa,F,887,2020
Jessica,F,777,2020
Jennifer,F,711,2020
Stephanie,F,698,2020
Amanda,F,693,2020
Heather,F,151,2020
Olivia,F,17798,2021
Emma,F,15510,2021
James,M,12429,2021
William,M,12144,2021
Daniel,M,9119,2021
Michael,M,9103,2021
Jacob,M,8458,2021
John,M,8175,2021
Joseph,M,8129,2021
David,M,7903,2021
Matthew,M,7452,2021
Elizabeth,F,7240,2021
Anthony,M,6775,2021
Emily,F,6577,2021
Christopher,M,5835,2021
Andrew,M,5598,2021
Joshua,M,5500,2021
Ryan,M,4721,2021
Hannah,F,4572,2021
Jonathan,M,4441,2021
Robert,M,4419,2021
Nicholas,M,3847,2021
Sarah,F,2855,2021
Jason,M,2855,2021
Samantha,F,2591,2021
Justin,M,2159,2021
Brandon,M,2130,2021
Ashley,F,1698,2021
Amy,F,1563,2021
Kimberly,F,1347,2021
Rachel,F,1269,2021
Lauren,F,963,2021
Nicole,F,952,2021
Melissa,F,834,2021
Michelle,F,797,2021
Stephanie,F,688,2021
Amanda,F,657,2021
Jessica,F,652,2021
Jennifer,F,634,2021
Heather,F,172,2021
Olivia,F,16573,2022
Emma,F,14435,2022
James,M,12028,2022
William,M,11282,2022
Daniel,M,9047,2022
Michael,M,8829,2022
John,M,7930,2022
Joseph,M,7771,2022
David,M,7741,2022
Jacob,M,7603,2022
Matthew,M,7025,2022
Elizabeth,F,6964,2022
Anthony,M,6554,2022
Emily,F,6461,2022
Christopher,M,5535,2022
Joshua,M,5146,2022
Andrew,M,5124,2022
Hannah,F,4451,2022
Ryan,M,4372,2022
Jonathan,M,4175,2022
Robert,M,4051,2022
Nicholas,M,3623,2022
Sarah,F,2780,2022
Jason,M,2594,2022
Samantha,F,2586,2022
Justin,M,2067,2022
Ashley,F,1851,2022
Brandon,M,1763,2022
Amy,F,1408,2022
Kimberly,F,1384,2022
Rachel,F,1247,2022
Nicole,F,992,2022
Lauren,F,982,2022
Melissa,F,822,2022
Michelle,F,818,2022
Amanda,F,681,2022
Stephanie,F,653,2022
Jennifer,F,624,2022
Jessica,F,617,2022
Heather,F,180,2022